set search_path to public;

-- password yolododo
INSERT INTO auth.users (instance_id, id, aud, role, email, encrypted_password, email_confirmed_at, invited_at, confirmation_token, confirmation_sent_at, recovery_token, recovery_sent_at, email_change_token_new, email_change, email_change_sent_at, last_sign_in_at, raw_app_meta_data, raw_user_meta_data, is_super_admin, created_at, updated_at, phone, phone_confirmed_at, phone_change, phone_change_token, phone_change_sent_at, email_change_token_current, email_change_confirm_status, banned_until, reauthentication_token, reauthentication_sent_at) VALUES ('00000000-0000-0000-0000-000000000000', '17440546-f389-4d4f-bfdb-b0c94a1bd0f9', 'authenticated', 'authenticated', 'yolo@dodo.com', '$2a$10$zHta6/ak2n7cONYwYodHJOJ0cmnhyXKUomwX0D4X0j3sQqWfXNs0C', '2023-02-16 10:53:17.971100 +00:00', null, '', null, '', null, '', '', null, '2023-02-16 10:53:17.973083 +00:00', '{"provider": "email", "providers": ["email"]}', '{}', null, '2023-02-16 10:53:17.968382 +00:00', '2023-02-16 10:53:17.974437 +00:00', null, null, '', '', null, '', 0, null, '', null);
INSERT INTO dcp (user_id, email, prenom, nom, telephone, cgu_acceptees_le) VALUES ('17440546-f389-4d4f-bfdb-b0c94a1bd0f9', 'yolo@dodo.com', 'Yolo', 'Dodo', '0123456789', current_timestamp);
INSERT INTO private_utilisateur_droit (user_id, collectivite_id, niveau_acces, active) VALUES ('17440546-f389-4d4f-bfdb-b0c94a1bd0f9', 1, 'admin', TRUE);
INSERT INTO private_utilisateur_droit (user_id, collectivite_id, niveau_acces, active) VALUES ('17440546-f389-4d4f-bfdb-b0c94a1bd0f9', 2, 'edition', TRUE);
INSERT INTO private_utilisateur_droit (user_id, collectivite_id, niveau_acces, active) VALUES ('17440546-f389-4d4f-bfdb-b0c94a1bd0f9', (select collectivite_id from epci where siren = '200043495' limit 1), 'edition', TRUE); -- Pays du Laon
INSERT INTO private_utilisateur_droit (user_id, collectivite_id, niveau_acces, active) VALUES ('17440546-f389-4d4f-bfdb-b0c94a1bd0f9', (select collectivite_id from epci where siren = '246700488' limit 1), 'edition', TRUE); -- Strastbourg
INSERT INTO private_utilisateur_droit (user_id, collectivite_id, niveau_acces, active) VALUES ('17440546-f389-4d4f-bfdb-b0c94a1bd0f9', (select collectivite_id from epci where siren = '200072015' limit 1), 'lecture', TRUE); -- Rhone agglo
INSERT INTO private_collectivite_membre (user_id, collectivite_id, fonction, details_fonction, champ_intervention) VALUES ('17440546-f389-4d4f-bfdb-b0c94a1bd0f9', 1, 'referent', 'Référent YOLO de cette collectivité', '{"eci", "cae"}');
UPDATE utilisateur_verifie SET verifie = true where user_id =  '17440546-f389-4d4f-bfdb-b0c94a1bd0f9';

-- password yulududu
INSERT INTO auth.users (instance_id, id, aud, role, email, encrypted_password, email_confirmed_at, invited_at, confirmation_token, confirmation_sent_at, recovery_token, recovery_sent_at, email_change_token_new, email_change, email_change_sent_at, last_sign_in_at, raw_app_meta_data, raw_user_meta_data, is_super_admin, created_at, updated_at, phone, phone_confirmed_at, phone_change, phone_change_token, phone_change_sent_at, email_change_token_current, email_change_confirm_status, banned_until, reauthentication_token, reauthentication_sent_at) VALUES ('00000000-0000-0000-0000-000000000000', '298235a0-60e7-4ceb-9172-0a991cce0386', 'authenticated', 'authenticated', 'yulu@dudu.com', '$2a$10$5tUXPMEFIdjfGFN01d3L0.Jw0CO0.ZcjrLdKJ5ZWiT/m/TDEhNkEG', '2023-02-16 10:50:48.060782 +00:00', null, '', null, '', null, '', '', null, '2023-02-16 10:50:48.062397 +00:00', '{"provider": "email", "providers": ["email"]}', '{}', null, '2023-02-16 10:50:48.057873 +00:00', '2023-02-16 10:50:48.063389 +00:00', null, null, '', '', null, '', 0, null, '', null);
INSERT INTO dcp (user_id, email, prenom, nom, cgu_acceptees_le) VALUES ('298235a0-60e7-4ceb-9172-0a991cce0386', 'yulu@dudu.com', 'Yulu', 'Dudu', current_timestamp);
UPDATE utilisateur_verifie SET verifie = true where user_id =  '298235a0-60e7-4ceb-9172-0a991cce0386';

-- password yilididi
INSERT INTO auth.users (instance_id, id, aud, role, email, encrypted_password, email_confirmed_at, invited_at, confirmation_token, confirmation_sent_at, recovery_token, recovery_sent_at, email_change_token_new, email_change, email_change_sent_at, last_sign_in_at, raw_app_meta_data, raw_user_meta_data, is_super_admin, created_at, updated_at, phone, phone_confirmed_at, phone_change, phone_change_token, phone_change_sent_at, email_change_token_current, email_change_confirm_status, banned_until, reauthentication_token, reauthentication_sent_at) VALUES ('00000000-0000-0000-0000-000000000000', '3f407fc6-3634-45ff-a988-301e9088096a', 'authenticated', 'authenticated', 'yili@didi.com', '$2a$10$dPuML5Y9xN.hzs73mV8J.OJTp93Asf8..e0C9gZAje/4cO1/Qi6jO', '2023-02-16 10:50:32.695768 +00:00', null, '', null, '', null, '', '', null, '2023-02-16 10:50:32.698181 +00:00', '{"provider": "email", "providers": ["email"]}', '{}', null, '2023-02-16 10:50:32.692751 +00:00', '2023-02-16 10:50:32.699173 +00:00', null, null, '', '', null, '', 0, null, '', null);
INSERT INTO dcp (user_id, email, prenom, nom, cgu_acceptees_le) VALUES ('3f407fc6-3634-45ff-a988-301e9088096a', 'yili@didi.com', 'Yili', 'Didi', current_timestamp);
INSERT INTO private_utilisateur_droit (user_id, collectivite_id, niveau_acces, active) VALUES ('3f407fc6-3634-45ff-a988-301e9088096a', 1, 'edition', TRUE);
INSERT INTO private_utilisateur_droit (user_id, collectivite_id, niveau_acces, active) VALUES ('3f407fc6-3634-45ff-a988-301e9088096a', 2, 'edition', TRUE);
INSERT INTO private_collectivite_membre (user_id, collectivite_id, fonction, details_fonction, champ_intervention) VALUES ('3f407fc6-3634-45ff-a988-301e9088096a', 1, 'politique', 'Politique YILI de cette collectivité', '{"eci", "cae"}');
INSERT INTO private_collectivite_membre (user_id, collectivite_id, fonction, details_fonction, champ_intervention) VALUES ('3f407fc6-3634-45ff-a988-301e9088096a', 2, 'politique', 'Politique YILI de cette collectivité', '{"eci"}');
UPDATE utilisateur_verifie SET verifie = true where user_id =  '3f407fc6-3634-45ff-a988-301e9088096a';

--password yaladada
INSERT INTO auth.users (instance_id, id, aud, role, email, encrypted_password, email_confirmed_at, invited_at, confirmation_token, confirmation_sent_at, recovery_token, recovery_sent_at, email_change_token_new, email_change, email_change_sent_at, last_sign_in_at, raw_app_meta_data, raw_user_meta_data, is_super_admin, created_at, updated_at, phone, phone_confirmed_at, phone_change, phone_change_token, phone_change_sent_at, email_change_token_current, email_change_confirm_status, banned_until, reauthentication_token, reauthentication_sent_at) VALUES ('00000000-0000-0000-0000-000000000000', '4ecc7d3a-7484-4a1c-8ac8-930cdacd2561', 'authenticated', 'authenticated', 'yala@dada.com', '$2a$10$uED81eZY.D4SL58KTaEJSudxJMVsrMOr1izGEk9PMEN0n2JQw7CYK', '2023-02-16 10:50:15.495314 +00:00', null, '', null, '', null, '', '', null, '2023-02-16 10:50:15.496847 +00:00', '{"provider": "email", "providers": ["email"]}', '{}', null, '2023-02-16 10:50:15.492884 +00:00', '2023-02-16 10:50:15.497727 +00:00', null, null, '', '', null, '', 0, null, '', null);
INSERT INTO dcp (user_id, email, prenom, nom, cgu_acceptees_le) VALUES ('4ecc7d3a-7484-4a1c-8ac8-930cdacd2561', 'yala@dada.com', 'Yala', 'Dada', current_timestamp);
INSERT INTO private_utilisateur_droit (user_id, collectivite_id, niveau_acces, active) VALUES ('4ecc7d3a-7484-4a1c-8ac8-930cdacd2561', 1, 'lecture', TRUE);
INSERT INTO private_utilisateur_droit (user_id, collectivite_id, niveau_acces, active) VALUES ('4ecc7d3a-7484-4a1c-8ac8-930cdacd2561', 2, 'lecture', TRUE);
INSERT INTO private_utilisateur_droit (user_id, collectivite_id, niveau_acces, active) VALUES ('4ecc7d3a-7484-4a1c-8ac8-930cdacd2561', 3, 'lecture', TRUE);
INSERT INTO private_utilisateur_droit (user_id, collectivite_id, niveau_acces, active) VALUES ('4ecc7d3a-7484-4a1c-8ac8-930cdacd2561', 4, 'lecture', TRUE);
INSERT INTO private_utilisateur_droit (user_id, collectivite_id, niveau_acces, active) VALUES ('4ecc7d3a-7484-4a1c-8ac8-930cdacd2561', 5, 'lecture', TRUE);
INSERT INTO private_utilisateur_droit (user_id, collectivite_id, niveau_acces, active) VALUES ('4ecc7d3a-7484-4a1c-8ac8-930cdacd2561', 10, 'lecture', TRUE);
UPDATE utilisateur_verifie SET verifie = true where user_id =  '4ecc7d3a-7484-4a1c-8ac8-930cdacd2561';

-- password youloudoudou
INSERT INTO auth.users (instance_id, id, aud, role, email, encrypted_password, email_confirmed_at, invited_at, confirmation_token, confirmation_sent_at, recovery_token, recovery_sent_at, email_change_token_new, email_change, email_change_sent_at, last_sign_in_at, raw_app_meta_data, raw_user_meta_data, is_super_admin, created_at, updated_at, phone, phone_confirmed_at, phone_change, phone_change_token, phone_change_sent_at, email_change_token_current, email_change_confirm_status, banned_until, reauthentication_token, reauthentication_sent_at) VALUES ('00000000-0000-0000-0000-000000000000', '5f407fc6-3634-45ff-a988-301e9088096a', 'authenticated', 'authenticated', 'youlou@doudou.com', '$2a$10$YRds9rQdKoDyBMr8cuJ6cOh/FN20i2wGQ3pXwqsXf7.Jjs4dote5m', '2023-02-16 10:49:51.363079 +00:00', null, '', null, '', null, '', '', null, '2023-02-16 10:49:51.364726 +00:00', '{"provider": "email", "providers": ["email"]}', '{}', null, '2023-02-16 10:49:51.360379 +00:00', '2023-02-16 10:49:51.365809 +00:00', null, null, '', '', null, '', 0, null, '', null);
INSERT INTO dcp (user_id, email, prenom, nom, cgu_acceptees_le) VALUES ('5f407fc6-3634-45ff-a988-301e9088096a', 'youlou@doudou.com', 'Youlou', 'Doudou', current_timestamp);
INSERT INTO private_utilisateur_droit (user_id, collectivite_id, niveau_acces, active) VALUES ('5f407fc6-3634-45ff-a988-301e9088096a', 1, 'edition', TRUE);
INSERT INTO private_utilisateur_droit (user_id, collectivite_id, niveau_acces, active) VALUES ('5f407fc6-3634-45ff-a988-301e9088096a', 2, 'edition', TRUE);
UPDATE utilisateur_verifie SET verifie = true where user_id =  '5f407fc6-3634-45ff-a988-301e9088096a';