set search_path to public;

-- password yolododo
INSERT INTO auth.users (instance_id, id, aud, role, email, encrypted_password, email_confirmed_at, invited_at, confirmation_token, confirmation_sent_at, recovery_token, recovery_sent_at, email_change_token_new, email_change, email_change_sent_at, last_sign_in_at, raw_app_meta_data, raw_user_meta_data, is_super_admin, created_at, updated_at, phone, phone_confirmed_at, phone_change, phone_change_token, phone_change_sent_at, email_change_token_current, email_change_confirm_status) VALUES ('00000000-0000-0000-0000-000000000000', '17440546-f389-4d4f-bfdb-b0c94a1bd0f9', '', 'authenticated', 'yolo@dodo.com', '$2a$10$vBZp2SU5Rxedb1DLsaBtP.9bu3PeNDhy9dQ7ye9ikIuw66gM4gedi', '2021-12-03 10:17:09.205161 +00:00', null, '', null, '', null, '', '', null, '2021-12-03 10:17:09.209968 +00:00', '{"provider": "email"}', 'null', false, '2021-12-03 10:17:09.201674 +00:00', '2021-12-03 10:17:09.201674 +00:00', null, null, '', '', null, '', 0);
INSERT INTO dcp (user_id, email, prenom, nom) VALUES ('17440546-f389-4d4f-bfdb-b0c94a1bd0f9', 'yolo@dodo.com', 'Yolo', 'Dodo');
INSERT INTO private_utilisateur_droit (user_id, epci_id, role_name, active) VALUES ('17440546-f389-4d4f-bfdb-b0c94a1bd0f9', 1, 'referent', TRUE); 
INSERT INTO private_utilisateur_droit (user_id, epci_id, role_name, active) VALUES ('17440546-f389-4d4f-bfdb-b0c94a1bd0f9', 2, 'agent', TRUE); 

-- password yulududu
INSERT INTO auth.users (instance_id, id, aud, role, email, encrypted_password, email_confirmed_at, invited_at, confirmation_token, confirmation_sent_at, recovery_token, recovery_sent_at, email_change_token_new, email_change, email_change_sent_at, last_sign_in_at, raw_app_meta_data, raw_user_meta_data, is_super_admin, created_at, updated_at, phone, phone_confirmed_at, phone_change, phone_change_token, phone_change_sent_at, email_change_token_current, email_change_confirm_status) VALUES ('00000000-0000-0000-0000-000000000000', '298235a0-60e7-4ceb-9172-0a991cce0386', '', 'authenticated', 'yulu@dudu.com', '$2a$10$5I3JwT30cDaknKLs/S4lQuVr5vTZg..bFseNFcXXPIVLByu7rYiZi', '2021-12-03 10:17:09.295139 +00:00', null, '', null, '', null, '', '', null, '2021-12-03 10:17:09.297498 +00:00', '{"provider": "email"}', 'null', false, '2021-12-03 10:17:09.293586 +00:00', '2021-12-03 10:17:09.293586 +00:00', null, null, '', '', null, '', 0);
INSERT INTO dcp (user_id, email, prenom, nom) VALUES ('298235a0-60e7-4ceb-9172-0a991cce0386', 'yulu@dudu.com', 'Yulu', 'Dudu');

-- password yilididi
INSERT INTO auth.users (instance_id, id, aud, role, email, encrypted_password, email_confirmed_at, invited_at, confirmation_token, confirmation_sent_at, recovery_token, recovery_sent_at, email_change_token_new, email_change, email_change_sent_at, last_sign_in_at, raw_app_meta_data, raw_user_meta_data, is_super_admin, created_at, updated_at, phone, phone_confirmed_at, phone_change, phone_change_token, phone_change_sent_at, email_change_token_current, email_change_confirm_status) VALUES ('00000000-0000-0000-0000-000000000000', '3f407fc6-3634-45ff-a988-301e9088096a', '', 'authenticated', 'yili@didi.com', '$2a$10$RknsukXyPKEVvq3CNLbeVe62nSS.p6CGx/qfKBm.HEj5CDgJ.F0vK', '2021-12-03 10:17:09.371201 +00:00', null, '', null, '', null, '', '', null, '2021-12-03 10:17:09.374051 +00:00', '{"provider": "email"}', 'null', false, '2021-12-03 10:17:09.369858 +00:00', '2021-12-03 10:17:09.369858 +00:00', null, null, '', '', null, '', 0);
INSERT INTO dcp (user_id, email, prenom, nom) VALUES ('3f407fc6-3634-45ff-a988-301e9088096a', 'yili@didi.com', 'Yili', 'Didi');
INSERT INTO private_utilisateur_droit (user_id, epci_id, role_name, active) VALUES ('3f407fc6-3634-45ff-a988-301e9088096a', 1, 'conseiller', TRUE); 
INSERT INTO private_utilisateur_droit (user_id, epci_id, role_name, active) VALUES ('3f407fc6-3634-45ff-a988-301e9088096a', 2, 'conseiller', TRUE); 


--password yaladada
INSERT INTO auth.users (instance_id, id, aud, role, email, encrypted_password, email_confirmed_at, invited_at, confirmation_token, confirmation_sent_at, recovery_token, recovery_sent_at, email_change_token_new, email_change, email_change_sent_at, last_sign_in_at, raw_app_meta_data, raw_user_meta_data, is_super_admin, created_at, updated_at, phone, phone_confirmed_at, phone_change, phone_change_token, phone_change_sent_at, email_change_token_current, email_change_confirm_status) VALUES ('00000000-0000-0000-0000-000000000000', '4ecc7d3a-7484-4a1c-8ac8-930cdacd2561', '', 'authenticated', 'yala@dada.com', '$2a$10$cIlJzHtN3YbrJ4rZ5mxYNuedLL2P5/Wk28M21FD80e9.cuS3s4OUK', '2021-12-03 10:17:09.447445 +00:00', null, '', null, '', null, '', '', null, '2021-12-03 10:17:09.449560 +00:00', '{"provider": "email"}', 'null', false, '2021-12-03 10:17:09.446043 +00:00', '2021-12-03 10:17:09.446043 +00:00', null, null, '', '', null, '', 0);
INSERT INTO dcp (user_id, email, prenom, nom) VALUES ('4ecc7d3a-7484-4a1c-8ac8-930cdacd2561', 'yala@dada.com', 'Yala', 'Dada');
INSERT INTO private_utilisateur_droit (user_id, epci_id, role_name, active) VALUES ('4ecc7d3a-7484-4a1c-8ac8-930cdacd2561', 1, 'auditeur', TRUE); 
INSERT INTO private_utilisateur_droit (user_id, epci_id, role_name, active) VALUES ('4ecc7d3a-7484-4a1c-8ac8-930cdacd2561', 2, 'auditeur', TRUE); 
INSERT INTO private_utilisateur_droit (user_id, epci_id, role_name, active) VALUES ('4ecc7d3a-7484-4a1c-8ac8-930cdacd2561', 3, 'auditeur', TRUE); 
INSERT INTO private_utilisateur_droit (user_id, epci_id, role_name, active) VALUES ('4ecc7d3a-7484-4a1c-8ac8-930cdacd2561', 4, 'auditeur', TRUE); 
INSERT INTO private_utilisateur_droit (user_id, epci_id, role_name, active) VALUES ('4ecc7d3a-7484-4a1c-8ac8-930cdacd2561', 5, 'auditeur', TRUE); 
