-- Thematiques
insert into question_thematique values ('mobilite', 'Mobilité');
insert into question_thematique values ('dechets', 'Déchets');
insert into question_thematique values ('energie', 'Énergie');
insert into question_thematique values ('eau_assainissement', 'Eau et assainissement');
insert into question_thematique values ('developpement_economique', 'Développement économique');
insert into question_thematique values ('tourisme', 'Tourisme');
insert into question_thematique values ('urbanisme_habitat', 'Urbanisme, aménagement et habitat');
insert into question_thematique values ('ultramarin', 'Outre-mer');
insert into question_thematique values ('achats_responsables', 'Achats responsables');
insert into question_thematique values ('centre_polarite', 'Centre polarité');
insert into question_thematique values ('foret', 'Forêts');
insert into question_thematique values ('agri_alim', 'Agriculture et alimentation');
insert into question_thematique values ('formation', 'Formation');


-- Questions
INSERT INTO public.question (id, thematique_id, ordonnancement, types_collectivites_concernees, type, description, formulation) VALUES ('energie_1', 'energie', 1, '{EPCI,commune}', 'proportion', '', 'Quelle est la part de la collectivité dans la structure compétente en matière d''éclairage public ?');
INSERT INTO public.question (id, thematique_id, ordonnancement, types_collectivites_concernees, type, description, formulation) VALUES ('tourisme_1', 'tourisme', null, '{commune}', 'proportion', '', 'Quelle est la part de la collectivité dans la structure compétente en matière de tourisme ?');
INSERT INTO public.question (id, thematique_id, ordonnancement, types_collectivites_concernees, type, description, formulation) VALUES ('tourisme_2', 'tourisme', null, '{EPCI}', 'binaire', '', 'Le territoire est-il touristique (doté d''un office de tourisme, d''un syndicat d''initiative, d''un bureau d''information touristique) ?');
INSERT INTO public.question (id, thematique_id, ordonnancement, types_collectivites_concernees, type, description, formulation) VALUES ('ECS', 'ultramarin', null, null, 'binaire', '', 'La collectivité a-t-elle des besoins en eau chaude sanitaire ?');
INSERT INTO public.question (id, thematique_id, ordonnancement, types_collectivites_concernees, type, description, formulation) VALUES ('eau_1', 'eau_assainissement', null, null, 'binaire', '', 'La collectivité a-t-elle la compétence "Traitement, adduction et distribution de l''eau" ?');
INSERT INTO public.question (id, thematique_id, ordonnancement, types_collectivites_concernees, type, description, formulation) VALUES ('dechets_9', 'dechets', null, null, 'binaire', '', 'La collectivité a-t-elle mise en place la redevance d’enlèvement des ordures ménagères (REOM) ?');
INSERT INTO public.question (id, thematique_id, ordonnancement, types_collectivites_concernees, type, description, formulation) VALUES ('assainissement_1', 'eau_assainissement', null, null, 'binaire', '', 'La collectivité a-t-elle la compétence "assainissement collectif" ?');
INSERT INTO public.question (id, thematique_id, ordonnancement, types_collectivites_concernees, type, description, formulation) VALUES ('assainissement_2', 'eau_assainissement', null, null, 'binaire', '', 'La collectivité a-t-elle la compétence "assainissement non collectif" ?');
INSERT INTO public.question (id, thematique_id, ordonnancement, types_collectivites_concernees, type, description, formulation) VALUES ('assainissement_3', 'eau_assainissement', null, '{EPCI}', 'proportion', '', 'En cas de compétence partagée ou variable sur le territoire pour la compétence assainissement, quelle est la part des communes ayant délégué leur compétence assainissement ?');
INSERT INTO public.question (id, thematique_id, ordonnancement, types_collectivites_concernees, type, description, formulation) VALUES ('assainissement_4', 'eau_assainissement', null, null, 'binaire', '', 'Existe-t-il un potentiel de valorisation énergétique (méthanisation ou récupération de chaleur) attesté par une étude portant sur la totalité du périmètre d’assainissement ?');
INSERT INTO public.question (id, thematique_id, ordonnancement, types_collectivites_concernees, type, description, formulation) VALUES ('SPASER', 'achats_responsables', null, null, 'binaire', '', 'Le montant annuel des achats publics de la collectivité est-il inférieur à 100 000 000 € ?');
INSERT INTO public.question (id, thematique_id, ordonnancement, types_collectivites_concernees, type, description, formulation) VALUES ('formation', 'formation', null, null, 'binaire', '', 'Existe-t-il des établissements de formation initiale et continue sur le territoire ?');
INSERT INTO public.question (id, thematique_id, ordonnancement, types_collectivites_concernees, type, description, formulation) VALUES ('scolaire_1', 'formation', null, null, 'binaire', '', 'La collectivité est-elle en charge des équipements de l''enseignement pré-élementaire et élémentaire et/ou des activités périscolaires ?');
INSERT INTO public.question (id, thematique_id, ordonnancement, types_collectivites_concernees, type, description, formulation) VALUES ('scolaire_2', 'formation', null, null, 'binaire', '', 'Des établissements scolaires et/ou des structure d’accueil de jeunes enfants sont-ils présents sur le territoire ?');
INSERT INTO public.question (id, thematique_id, ordonnancement, types_collectivites_concernees, type, description, formulation) VALUES ('SAU', 'agri_alim', null, null, 'binaire', '', 'La collectivité possède-t''elle moins de 3 % de surfaces agricoles ?');
INSERT INTO public.question (id, thematique_id, ordonnancement, types_collectivites_concernees, type, description, formulation) VALUES ('foret', 'foret', null, null, 'binaire', '', 'La collectivité possède-t''elle moins de 10 % de surfaces forestières (publiques ou privées) ?');
INSERT INTO public.question (id, thematique_id, ordonnancement, types_collectivites_concernees, type, description, formulation) VALUES ('centre_polarite', 'centre_polarite', null, null, 'binaire', '', 'La collectivité possède-t-elle des centres-bourgs (dans le cas d''une commune) ou des communes (dans le cas d''un EPCI) de plus de 2 000 habitants ?');
INSERT INTO public.question (id, thematique_id, ordonnancement, types_collectivites_concernees, type, description, formulation) VALUES ('urba_1', 'urbanisme_habitat', null, null, 'binaire', '', 'La collectivité a-t-elle la compétence "élaboration du Plan Local d''Urbanisme" (PLU) ?');
INSERT INTO public.question (id, thematique_id, ordonnancement, types_collectivites_concernees, type, description, formulation) VALUES ('amenagement_1', 'urbanisme_habitat', null, null, 'binaire', '', 'La collectivité (y compris tous les organismes liés) possède-t-elle des terrains utilisables ou vendables (depuis au plus 10 ans) ?');
INSERT INTO public.question (id, thematique_id, ordonnancement, types_collectivites_concernees, type, description, formulation) VALUES ('amenagement_2', 'urbanisme_habitat', null, null, 'binaire', '', 'La collectivité a-t-elle conclu des ventes ou des contrats d''utilisation (comme des contrats de construction) sur les 10 dernières années ?');
INSERT INTO public.question (id, thematique_id, ordonnancement, types_collectivites_concernees, type, description, formulation) VALUES ('SCoT', 'urbanisme_habitat', null, null, 'binaire', '', 'La collectivité a-t-elle la compétence "Schéma de Cohérence Territoriale" (SCoT) ?');
INSERT INTO public.question (id, thematique_id, ordonnancement, types_collectivites_concernees, type, description, formulation) VALUES ('urba_2', 'urbanisme_habitat', null, null, 'binaire', '', 'La collectivité a-t-elle la compétence d''instruction des permis de construire ?');
INSERT INTO public.question (id, thematique_id, ordonnancement, types_collectivites_concernees, type, description, formulation) VALUES ('urba_3', 'urbanisme_habitat', null, null, 'binaire', '', 'La collectivité a-t-elle la compétence d''octroi des permis de construire ?');
INSERT INTO public.question (id, thematique_id, ordonnancement, types_collectivites_concernees, type, description, formulation) VALUES ('habitat_1', 'urbanisme_habitat', null, null, 'binaire', '', 'La collectivité a-t-elle la compétence habitat ?');
INSERT INTO public.question (id, thematique_id, ordonnancement, types_collectivites_concernees, type, description, formulation) VALUES ('habitat_2', 'urbanisme_habitat', null, '{commune}', 'proportion', '', 'Quelle est la part de la collectivité dans la structure compétente en matière de logement et d''habitat ?');
INSERT INTO public.question (id, thematique_id, ordonnancement, types_collectivites_concernees, type, description, formulation) VALUES ('habitat_3', 'urbanisme_habitat', null, '{commune}', 'binaire', '', 'La collectivité participe-t-elle au conseil d''administration d''un bailleur social ?');
INSERT INTO public.question (id, thematique_id, ordonnancement, types_collectivites_concernees, type, description, formulation) VALUES ('dev_eco_1', 'developpement_economique', null, null, 'binaire', '', 'La collectivité a-t-elle la compétence développement économique ?');
INSERT INTO public.question (id, thematique_id, ordonnancement, types_collectivites_concernees, type, description, formulation) VALUES ('dev_eco_2', 'developpement_economique', null, null, 'proportion', '', 'Quelle est la part de la collectivité dans la structure compétente en matière de développement économique ?');
INSERT INTO public.question (id, thematique_id, ordonnancement, types_collectivites_concernees, type, description, formulation) VALUES ('dev_eco_3', 'developpement_economique', null, null, 'binaire', '', 'La collectivité se préoccupe-t-elle de la publicité extérieure et des enseignes ?');
INSERT INTO public.question (id, thematique_id, ordonnancement, types_collectivites_concernees, type, description, formulation) VALUES ('dev_eco_4', 'developpement_economique', null, null, 'binaire', '', 'Le territoire de la collectivité dispose-t-il d''un tissu économique propice à l’émergence de projets d’écologie industrielle ?');
INSERT INTO public.question (id, thematique_id, ordonnancement, types_collectivites_concernees, type, description, formulation) VALUES ('EP_1', 'energie', null, null, 'choix', '', 'La collectivité a-t-elle la compétence "éclairage public" ?');
INSERT INTO public.question (id, thematique_id, ordonnancement, types_collectivites_concernees, type, description, formulation) VALUES ('EP_2', 'energie', null, null, 'proportion', '', 'Quelle est la part de la collectivité dans la structure compétente en matière d''éclairage public ?');
INSERT INTO public.question (id, thematique_id, ordonnancement, types_collectivites_concernees, type, description, formulation) VALUES ('AOD_elec', 'energie', null, null, 'binaire', '', 'La collectivité est-elle autorité organisatrice de la distribution (AOD) pour l''électricité ?');
INSERT INTO public.question (id, thematique_id, ordonnancement, types_collectivites_concernees, type, description, formulation) VALUES ('AOD_gaz', 'energie', null, null, 'binaire', '', 'La collectivité est-elle autorité organisatrice de la distribution (AOD) pour le gaz ?');
INSERT INTO public.question (id, thematique_id, ordonnancement, types_collectivites_concernees, type, description, formulation) VALUES ('AOD_chaleur', 'energie', null, null, 'binaire', '', 'La collectivité est-elle autorité organisatrice de la distribution (AOD) pour la chaleur ?');
INSERT INTO public.question (id, thematique_id, ordonnancement, types_collectivites_concernees, type, description, formulation) VALUES ('fournisseur_energie', 'energie', null, null, 'binaire', '', 'Existe-t-il des fournisseurs d’énergie maîtrisés par la collectivité (Société d''économie mixte (SEM) ou régie ou exploitants de réseau de chaleur urbain liés à la collectivité par délégation de service public) ?');
INSERT INTO public.question (id, thematique_id, ordonnancement, types_collectivites_concernees, type, description, formulation) VALUES ('recuperation_cogeneration', 'energie', null, null, 'binaire', '', 'Existe-t-il des activités industrielles, en nombre assez important, adaptées pour la récupération de chaleur fatale ou du potentiel pour la cogénération voir la micro-cogénération (soit des chaufferies ou des consommateurs suffisants en chaleur ou des producteurs-consommateurs visant l’autoconsommation) ?');
INSERT INTO public.question (id, thematique_id, ordonnancement, types_collectivites_concernees, type, description, formulation) VALUES ('AOM_1', 'mobilite', null, null, 'binaire', '', 'La collectivité est-elle autorité organisatrice de la mobilité (AOM) ?');
INSERT INTO public.question (id, thematique_id, ordonnancement, types_collectivites_concernees, type, description, formulation) VALUES ('AOM_2', 'mobilite', null, null, 'proportion', '', 'Quelle est la part de la collectivité autorité organisatrice de la mobilité (AOM) ?');
INSERT INTO public.question (id, thematique_id, ordonnancement, types_collectivites_concernees, type, description, formulation) VALUES ('voirie_1', 'mobilite', null, null, 'choix', '', 'La collectivité a-t-elle la compétence voirie ?');
INSERT INTO public.question (id, thematique_id, ordonnancement, types_collectivites_concernees, type, description, formulation) VALUES ('voirie_2', 'mobilite', null, '{commune}', 'proportion', '', 'Si la commune a transféré la compétence voirie (création, aménagement, entretien) et stationnement à l''EPCI, quelle est la part de la commune dans l''EPCI ?');
INSERT INTO public.question (id, thematique_id, ordonnancement, types_collectivites_concernees, type, description, formulation) VALUES ('TC_1', 'mobilite', null, null, 'binaire', '', 'Les locaux de la collectivité sont-ils desservis ou desservables par les transports en commun ?');
INSERT INTO public.question (id, thematique_id, ordonnancement, types_collectivites_concernees, type, description, formulation) VALUES ('vehiculeCT_1', 'mobilite', null, null, 'binaire', '', 'La collectivité dispose-t-elle de véhicules ?');
INSERT INTO public.question (id, thematique_id, ordonnancement, types_collectivites_concernees, type, description, formulation) VALUES ('pouvoir_police', 'mobilite', null, null, 'binaire', '', 'la collectivité dispose-t-elle des compétences en matière de circulation/gestion du trafic (pouvoir de police) ?');
INSERT INTO public.question (id, thematique_id, ordonnancement, types_collectivites_concernees, type, description, formulation) VALUES ('trafic', 'mobilite', null, null, 'binaire', '', 'Existe-t-il un potentiel d''action ou des problèmes liés à la limitation et réduction du trafic et de la vitesse sur les axes principaux ou dans certaines zones ?');
INSERT INTO public.question (id, thematique_id, ordonnancement, types_collectivites_concernees, type, description, formulation) VALUES ('cyclable', 'mobilite', null, null, 'binaire', '', 'La collectivité dispose t''elle de compétences en matière de politique cyclable (AOM ou compétente en matière d’infrastructures vélos, de stationnement vélos, de services associés aux vélos) ?');
INSERT INTO public.question (id, thematique_id, ordonnancement, types_collectivites_concernees, type, description, formulation) VALUES ('versement_mobilite', 'mobilite', null, null, 'binaire', '', 'La collectivités est-elle concernée par le versement mobilité ?');
INSERT INTO public.question (id, thematique_id, ordonnancement, types_collectivites_concernees, type, description, formulation) VALUES ('dechets_1', 'dechets', null, null, 'binaire', '', 'La collectivité a-t-elle la compétence collecte des déchets ?');
INSERT INTO public.question (id, thematique_id, ordonnancement, types_collectivites_concernees, type, description, formulation) VALUES ('dechets_2', 'dechets', null, null, 'binaire', '', 'La collectivité a-t-elle la compétence traitement des déchets ?');
INSERT INTO public.question (id, thematique_id, ordonnancement, types_collectivites_concernees, type, description, formulation) VALUES ('dechets_3', 'dechets', null, null, 'binaire', '', 'La collectivité est-elle chargée de la réalisation d''un "Programme local de prévention des déchets ménagers et assimilés" (PLPDMA) du fait de sa compétence collecte et/ou par délégation d''une autre collectivité ?');
INSERT INTO public.question (id, thematique_id, ordonnancement, types_collectivites_concernees, type, description, formulation) VALUES ('REOM', 'dechets', null, null, 'binaire', '', 'La collectivité a-t-elle mise en place la redevance d’enlèvement des ordures ménagères (REOM) ?');
INSERT INTO public.question (id, thematique_id, ordonnancement, types_collectivites_concernees, type, description, formulation) VALUES ('dechets_4', 'dechets', null, '{EPCI}', 'binaire', '', 'Si la collectivité a transféré le traitement des déchets à un syndicat compétent en la matière, quelle est la part de la collectivité dans ce syndicat ?');


-- Questions Actions
INSERT INTO public.question_action (question_id, action_id) VALUES ('energie_1', 'cae_2.3.1');
INSERT INTO public.question_action (question_id, action_id) VALUES ('ECS', 'cae_2.2.3');
INSERT INTO public.question_action (question_id, action_id) VALUES ('eau_1', 'cae_3.3.1');
INSERT INTO public.question_action (question_id, action_id) VALUES ('assainissement_1', 'cae_3.3.2');
INSERT INTO public.question_action (question_id, action_id) VALUES ('assainissement_1', 'cae_3.3.3');
INSERT INTO public.question_action (question_id, action_id) VALUES ('assainissement_2', 'cae_3.3.3');
INSERT INTO public.question_action (question_id, action_id) VALUES ('assainissement_3', 'cae_3.3.3');
INSERT INTO public.question_action (question_id, action_id) VALUES ('assainissement_4', 'cae_3.3.2');
INSERT INTO public.question_action (question_id, action_id) VALUES ('SPASER', 'eci_3.2.0');
INSERT INTO public.question_action (question_id, action_id) VALUES ('formation', 'eci_3.4.2');
INSERT INTO public.question_action (question_id, action_id) VALUES ('scolaire_1', 'cae_6.5.3');
INSERT INTO public.question_action (question_id, action_id) VALUES ('scolaire_2', 'cae_6.5.3');
INSERT INTO public.question_action (question_id, action_id) VALUES ('tourisme_1', 'cae_6.3.2');
INSERT INTO public.question_action (question_id, action_id) VALUES ('tourisme_2', 'cae_6.3.2');
INSERT INTO public.question_action (question_id, action_id) VALUES ('SAU', 'cae_6.4.1');
INSERT INTO public.question_action (question_id, action_id) VALUES ('foret', 'cae_6.4.2');
INSERT INTO public.question_action (question_id, action_id) VALUES ('centre_polarite', 'cae_4.2.1');
INSERT INTO public.question_action (question_id, action_id) VALUES ('centre_polarite', 'cae_4.2.3');
INSERT INTO public.question_action (question_id, action_id) VALUES ('amenagement_1', 'cae_1.3.2');
INSERT INTO public.question_action (question_id, action_id) VALUES ('amenagement_2', 'cae_1.3.2');
INSERT INTO public.question_action (question_id, action_id) VALUES ('urba_1', 'cae_1.3.1');
INSERT INTO public.question_action (question_id, action_id) VALUES ('urba_1', 'cae_1.3.3');
INSERT INTO public.question_action (question_id, action_id) VALUES ('SCoT', 'cae_1.3.1');
INSERT INTO public.question_action (question_id, action_id) VALUES ('urba_2', 'cae_1.3.2');
INSERT INTO public.question_action (question_id, action_id) VALUES ('urba_3', 'cae_1.3.2');
INSERT INTO public.question_action (question_id, action_id) VALUES ('habitat_1', 'cae_1.2.4');
INSERT INTO public.question_action (question_id, action_id) VALUES ('habitat_2', 'cae_1.2.4');
INSERT INTO public.question_action (question_id, action_id) VALUES ('habitat_2', 'cae_6.2.1');
INSERT INTO public.question_action (question_id, action_id) VALUES ('habitat_2', 'cae_6.2.2');
INSERT INTO public.question_action (question_id, action_id) VALUES ('habitat_2', 'cae_6.2.3');
INSERT INTO public.question_action (question_id, action_id) VALUES ('habitat_3', 'cae_6.2.1');
INSERT INTO public.question_action (question_id, action_id) VALUES ('dev_eco_1', 'eci_4.3');
INSERT INTO public.question_action (question_id, action_id) VALUES ('dev_eco_1', 'eci_3.4');
INSERT INTO public.question_action (question_id, action_id) VALUES ('dev_eco_2', 'cae_6.2.4');
INSERT INTO public.question_action (question_id, action_id) VALUES ('dev_eco_2', 'cae_6.3.1');
INSERT INTO public.question_action (question_id, action_id) VALUES ('dev_eco_3', 'cae_6.5.2');
INSERT INTO public.question_action (question_id, action_id) VALUES ('dev_eco_4', 'cae_6.3.1');
INSERT INTO public.question_action (question_id, action_id) VALUES ('EP_1', 'cae_2.3.1');
INSERT INTO public.question_action (question_id, action_id) VALUES ('EP_2', 'cae_2.3.1');
INSERT INTO public.question_action (question_id, action_id) VALUES ('AOD_elec', 'cae_3.1.1');
INSERT INTO public.question_action (question_id, action_id) VALUES ('AOD_elec', 'cae_3.1.2');
INSERT INTO public.question_action (question_id, action_id) VALUES ('AOD_gaz', 'cae_3.1.1');
INSERT INTO public.question_action (question_id, action_id) VALUES ('AOD_gaz', 'cae_3.1.2');
INSERT INTO public.question_action (question_id, action_id) VALUES ('AOD_chaleur', 'cae_3.1.1');
INSERT INTO public.question_action (question_id, action_id) VALUES ('AOD_chaleur', 'cae_3.1.2');
INSERT INTO public.question_action (question_id, action_id) VALUES ('fournisseur_energie', 'cae_3.1.2');
INSERT INTO public.question_action (question_id, action_id) VALUES ('recuperation_cogeneration', 'cae_3.2.1');
INSERT INTO public.question_action (question_id, action_id) VALUES ('AOM_1', 'cae_1.2.2');
INSERT INTO public.question_action (question_id, action_id) VALUES ('AOM_1', 'cae_4.2.3');
INSERT INTO public.question_action (question_id, action_id) VALUES ('AOM_2', 'cae_4.1.1');
INSERT INTO public.question_action (question_id, action_id) VALUES ('voirie_1', 'cae_2.3.3');
INSERT INTO public.question_action (question_id, action_id) VALUES ('voirie_1', 'cae_4.2.3');
INSERT INTO public.question_action (question_id, action_id) VALUES ('voirie_1', 'cae_4.2.2');
INSERT INTO public.question_action (question_id, action_id) VALUES ('voirie_2', 'cae_2.3.3');
INSERT INTO public.question_action (question_id, action_id) VALUES ('TC_1', 'cae_4.1.2');
INSERT INTO public.question_action (question_id, action_id) VALUES ('vehiculeCT_1', 'cae_4.1.2');
INSERT INTO public.question_action (question_id, action_id) VALUES ('pouvoir_police', 'cae_4.2.2');
INSERT INTO public.question_action (question_id, action_id) VALUES ('trafic', 'cae_4.2.2');
INSERT INTO public.question_action (question_id, action_id) VALUES ('cyclable', 'cae_4.2.3');
INSERT INTO public.question_action (question_id, action_id) VALUES ('versement_mobilite', 'cae_4.1.1');
INSERT INTO public.question_action (question_id, action_id) VALUES ('dechets_1', 'cae_1.2.3');
INSERT INTO public.question_action (question_id, action_id) VALUES ('dechets_1', 'eci_2.2');
INSERT INTO public.question_action (question_id, action_id) VALUES ('dechets_1', 'eci_2.4');
INSERT INTO public.question_action (question_id, action_id) VALUES ('dechets_1', 'eci_2.4.2');
INSERT INTO public.question_action (question_id, action_id) VALUES ('dechets_1', 'eci_2.4.3');
INSERT INTO public.question_action (question_id, action_id) VALUES ('dechets_1', 'eci_4.1');
INSERT INTO public.question_action (question_id, action_id) VALUES ('dechets_1', 'eci_4.2');
INSERT INTO public.question_action (question_id, action_id) VALUES ('dechets_1', 'eci_4.2.1');
INSERT INTO public.question_action (question_id, action_id) VALUES ('dechets_1', 'eci_4.2.2');
INSERT INTO public.question_action (question_id, action_id) VALUES ('dechets_1', 'eci_4.2.3');
INSERT INTO public.question_action (question_id, action_id) VALUES ('dechets_1', 'eci_4.2.4');
INSERT INTO public.question_action (question_id, action_id) VALUES ('dechets_2', 'eci_2.3');
INSERT INTO public.question_action (question_id, action_id) VALUES ('dechets_2', 'eci_2.4');
INSERT INTO public.question_action (question_id, action_id) VALUES ('dechets_2', 'eci_2.4.4');
INSERT INTO public.question_action (question_id, action_id) VALUES ('dechets_2', 'eci_4.1');
INSERT INTO public.question_action (question_id, action_id) VALUES ('dechets_2', 'eci_4.2');
INSERT INTO public.question_action (question_id, action_id) VALUES ('dechets_3', 'cae_1.2.3');
INSERT INTO public.question_action (question_id, action_id) VALUES ('dechets_3', 'eci_2.1');
INSERT INTO public.question_action (question_id, action_id) VALUES ('REOM', 'cae_4.2.1');
INSERT INTO public.question_action (question_id, action_id) VALUES ('REOM', 'eci_4.2.3');
INSERT INTO public.question_action (question_id, action_id) VALUES ('dechets_4', 'cae_3.3.5');

-- Qustion Choix
INSERT INTO public.question_choix (question_id, id, ordonnancement, formulation) VALUES ('EP_1', 'EP_1_a', null, 'Oui sur l''ensemble du territoire');
INSERT INTO public.question_choix (question_id, id, ordonnancement, formulation) VALUES ('EP_1', 'EP_1_b', null, 'Oui partiellement (uniquement sur les zones d''intérêt communautaire par exemple)');
INSERT INTO public.question_choix (question_id, id, ordonnancement, formulation) VALUES ('EP_1', 'EP_1_c', null, 'Non pas du tout');
INSERT INTO public.question_choix (question_id, id, ordonnancement, formulation) VALUES ('voirie_1', 'voirie_1_a', null, 'Oui sur l''ensemble du territoire');
INSERT INTO public.question_choix (question_id, id, ordonnancement, formulation) VALUES ('voirie_1', 'voirie_1_b', null, 'Oui uniquement sur les trottoirs, parkings ou zones d''activités et industrielles');
INSERT INTO public.question_choix (question_id, id, ordonnancement, formulation) VALUES ('voirie_1', 'voirie_1_c', null, 'Non pas du tout');